Workbook
Name SegmentaciónDeDatos_Departamento: #N/A
Name SegmentaciónDeDatos_Sorteos: #N/A

Sheet Panel
B2: Loterías de Colombia
B3: Sorteos registrados por departamento, 2020-2023
B5: Año | C5: 2022 | D5: Tipo de premio | F5: Mayor
B7: Sorteos (filtro actual) | D7: Deptos. con sorteos en el filtro | F7: Sorteos nacionales excluidos
B8: =SUM(C13:C25) -> 736 | D8: =COUNTIF(C13:C25,">0")&" / 13" -> 13 / 13 | F8: =IF(AND($C$5="Todos",$F$5="Todos"),SUM(Datos_Nacionales!D:D),IF($C$5="Todos",SUMIFS(Datos_Nacionales!D:D,Datos_Nacionales!C:C,$F$5),IF($F$5="Todos",SUMIFS(Datos_Nacionales!D:D,Datos_Nacionales!B:B,$C$5),SUMIFS(Datos_Nacionales!D:D,Datos_Nacionales!B:B,$C$5,Datos_Nacionales!C:C,$F$5)))) -> 11
B12: Departamento | C12: Sorteos | D12: % del total | E12: Ranking
B13: Antioquia | C13: =IF(AND($C$5="Todos",$F$5="Todos"),SUMIFS(Datos!$E:$E,Datos!$A:$A,$B13),IF($C$5="Todos",SUMIFS(Datos!$E:$E,Datos!$A:$A,$B13,Datos!$D:$D,$F$5),IF($F$5="Todos",SUMIFS(Datos!$E:$E,Datos!$A:$A,$B13,Datos!$C:$C,$C$5),SUMIFS(Datos!$E:$E,Datos!$A:$A,$B13,Datos!$C:$C,$C$5,Datos!$D:$D,$F$5)))) -> 53 | D13: =IFERROR(C13/SUM($C$13:$C$25),0) -> 0.07201087 | E13: =RANK(C13,$C$13:$C$25,0) -> 4
B14: Bogotá, D.C. | C14: =IF(AND($C$5="Todos",$F$5="Todos"),SUMIFS(Datos!$E:$E,Datos!$A:$A,$B14),IF($C$5="Todos",SUMIFS(Datos!$E:$E,Datos!$A:$A,$B14,Datos!$D:$D,$F$5),IF($F$5="Todos",SUMIFS(Datos!$E:$E,Datos!$A:$A,$B14,Datos!$C:$C,$C$5),SUMIFS(Datos!$E:$E,Datos!$A:$A,$B14,Datos!$C:$C,$C$5,Datos!$D:$D,$F$5)))) -> 106 | D14: =IFERROR(C14/SUM($C$13:$C$25),0) -> 0.14402174 | E14: =RANK(C14,$C$13:$C$25,0) -> 1
B15: Boyacá | C15: =IF(AND($C$5="Todos",$F$5="Todos"),SUMIFS(Datos!$E:$E,Datos!$A:$A,$B15),IF($C$5="Todos",SUMIFS(Datos!$E:$E,Datos!$A:$A,$B15,Datos!$D:$D,$F$5),IF($F$5="Todos",SUMIFS(Datos!$E:$E,Datos!$A:$A,$B15,Datos!$C:$C,$C$5),SUMIFS(Datos!$E:$E,Datos!$A:$A,$B15,Datos!$C:$C,$C$5,Datos!$D:$D,$F$5)))) -> 54 | D15: =IFERROR(C15/SUM($C$13:$C$25),0) -> 0.073369565 | E15: =RANK(C15,$C$13:$C$25,0) -> 2
B16: Caldas | C16: =IF(AND($C$5="Todos",$F$5="Todos"),SUMIFS(Datos!$E:$E,Datos!$A:$A,$B16),IF($C$5="Todos",SUMIFS(Datos!$E:$E,Datos!$A:$A,$B16,Datos!$D:$D,$F$5),IF($F$5="Todos",SUMIFS(Datos!$E:$E,Datos!$A:$A,$B16,Datos!$C:$C,$C$5),SUMIFS(Datos!$E:$E,Datos!$A:$A,$B16,Datos!$C:$C,$C$5,Datos!$D:$D,$F$5)))) -> 53 | D16: =IFERROR(C16/SUM($C$13:$C$25),0) -> 0.07201087 | E16: =RANK(C16,$C$13:$C$25,0) -> 4
B17: Cauca | C17: =IF(AND($C$5="Todos",$F$5="Todos"),SUMIFS(Datos!$E:$E,Datos!$A:$A,$B17),IF($C$5="Todos",SUMIFS(Datos!$E:$E,Datos!$A:$A,$B17,Datos!$D:$D,$F$5),IF($F$5="Todos",SUMIFS(Datos!$E:$E,Datos!$A:$A,$B17,Datos!$C:$C,$C$5),SUMIFS(Datos!$E:$E,Datos!$A:$A,$B17,Datos!$C:$C,$C$5,Datos!$D:$D,$F$5)))) -> 54 | D17: =IFERROR(C17/SUM($C$13:$C$25),0) -> 0.073369565 | E17: =RANK(C17,$C$13:$C$25,0) -> 2
B18: Cundinamarca | C18: =IF(AND($C$5="Todos",$F$5="Todos"),SUMIFS(Datos!$E:$E,Datos!$A:$A,$B18),IF($C$5="Todos",SUMIFS(Datos!$E:$E,Datos!$A:$A,$B18,Datos!$D:$D,$F$5),IF($F$5="Todos",SUMIFS(Datos!$E:$E,Datos!$A:$A,$B18,Datos!$C:$C,$C$5),SUMIFS(Datos!$E:$E,Datos!$A:$A,$B18,Datos!$C:$C,$C$5,Datos!$D:$D,$F$5)))) -> 52 | D18: =IFERROR(C18/SUM($C$13:$C$25),0) -> 0.070652174 | E18: =RANK(C18,$C$13:$C$25,0) -> 7
B19: Huila | C19: =IF(AND($C$5="Todos",$F$5="Todos"),SUMIFS(Datos!$E:$E,Datos!$A:$A,$B19),IF($C$5="Todos",SUMIFS(Datos!$E:$E,Datos!$A:$A,$B19,Datos!$D:$D,$F$5),IF($F$5="Todos",SUMIFS(Datos!$E:$E,Datos!$A:$A,$B19,Datos!$C:$C,$C$5),SUMIFS(Datos!$E:$E,Datos!$A:$A,$B19,Datos!$C:$C,$C$5,Datos!$D:$D,$F$5)))) -> 52 | D19: =IFERROR(C19/SUM($C$13:$C$25),0) -> 0.070652174 | E19: =RANK(C19,$C$13:$C$25,0) -> 7
B20: Meta | C20: =IF(AND($C$5="Todos",$F$5="Todos"),SUMIFS(Datos!$E:$E,Datos!$A:$A,$B20),IF($C$5="Todos",SUMIFS(Datos!$E:$E,Datos!$A:$A,$B20,Datos!$D:$D,$F$5),IF($F$5="Todos",SUMIFS(Datos!$E:$E,Datos!$A:$A,$B20,Datos!$C:$C,$C$5),SUMIFS(Datos!$E:$E,Datos!$A:$A,$B20,Datos!$C:$C,$C$5,Datos!$D:$D,$F$5)))) -> 52 | D20: =IFERROR(C20/SUM($C$13:$C$25),0) -> 0.070652174 | E20: =RANK(C20,$C$13:$C$25,0) -> 7
B21: Quindío | C21: =IF(AND($C$5="Todos",$F$5="Todos"),SUMIFS(Datos!$E:$E,Datos!$A:$A,$B21),IF($C$5="Todos",SUMIFS(Datos!$E:$E,Datos!$A:$A,$B21,Datos!$D:$D,$F$5),IF($F$5="Todos",SUMIFS(Datos!$E:$E,Datos!$A:$A,$B21,Datos!$C:$C,$C$5),SUMIFS(Datos!$E:$E,Datos!$A:$A,$B21,Datos!$C:$C,$C$5,Datos!$D:$D,$F$5)))) -> 51 | D21: =IFERROR(C21/SUM($C$13:$C$25),0) -> 0.069293478 | E21: =RANK(C21,$C$13:$C$25,0) -> 13
B22: Risaralda | C22: =IF(AND($C$5="Todos",$F$5="Todos"),SUMIFS(Datos!$E:$E,Datos!$A:$A,$B22),IF($C$5="Todos",SUMIFS(Datos!$E:$E,Datos!$A:$A,$B22,Datos!$D:$D,$F$5),IF($F$5="Todos",SUMIFS(Datos!$E:$E,Datos!$A:$A,$B22,Datos!$C:$C,$C$5),SUMIFS(Datos!$E:$E,Datos!$A:$A,$B22,Datos!$C:$C,$C$5,Datos!$D:$D,$F$5)))) -> 52 | D22: =IFERROR(C22/SUM($C$13:$C$25),0) -> 0.070652174 | E22: =RANK(C22,$C$13:$C$25,0) -> 7
B23: Santander | C23: =IF(AND($C$5="Todos",$F$5="Todos"),SUMIFS(Datos!$E:$E,Datos!$A:$A,$B23),IF($C$5="Todos",SUMIFS(Datos!$E:$E,Datos!$A:$A,$B23,Datos!$D:$D,$F$5),IF($F$5="Todos",SUMIFS(Datos!$E:$E,Datos!$A:$A,$B23,Datos!$C:$C,$C$5),SUMIFS(Datos!$E:$E,Datos!$A:$A,$B23,Datos!$C:$C,$C$5,Datos!$D:$D,$F$5)))) -> 53 | D23: =IFERROR(C23/SUM($C$13:$C$25),0) -> 0.07201087 | E23: =RANK(C23,$C$13:$C$25,0) -> 4
B24: Tolima | C24: =IF(AND($C$5="Todos",$F$5="Todos"),SUMIFS(Datos!$E:$E,Datos!$A:$A,$B24),IF($C$5="Todos",SUMIFS(Datos!$E:$E,Datos!$A:$A,$B24,Datos!$D:$D,$F$5),IF($F$5="Todos",SUMIFS(Datos!$E:$E,Datos!$A:$A,$B24,Datos!$C:$C,$C$5),SUMIFS(Datos!$E:$E,Datos!$A:$A,$B24,Datos!$C:$C,$C$5,Datos!$D:$D,$F$5)))) -> 52 | D24: =IFERROR(C24/SUM($C$13:$C$25),0) -> 0.070652174 | E24: =RANK(C24,$C$13:$C$25,0) -> 7
B25: Valle del Cauca | C25: =IF(AND($C$5="Todos",$F$5="Todos"),SUMIFS(Datos!$E:$E,Datos!$A:$A,$B25),IF($C$5="Todos",SUMIFS(Datos!$E:$E,Datos!$A:$A,$B25,Datos!$D:$D,$F$5),IF($F$5="Todos",SUMIFS(Datos!$E:$E,Datos!$A:$A,$B25,Datos!$C:$C,$C$5),SUMIFS(Datos!$E:$E,Datos!$A:$A,$B25,Datos!$C:$C,$C$5,Datos!$D:$D,$F$5)))) -> 52 | D25: =IFERROR(C25/SUM($C$13:$C$25),0) -> 0.070652174 | E25: =RANK(C25,$C$13:$C$25,0) -> 7

Sheet Test 1
A3: Etiquetas de fila | B3: Suma de Sorteos | C3: Suma de Anio
A4: Mayor | B4: 47 | C4: 2020
A5: Loteria de Bogota | B5: 47 | C5: 2020
A6: Bogotá, D.C. | B6: 47 | C6: 2020
A7: Total general | B7: 47 | C7: 2020

Sheet Datos
A1: Departamento | B1: Loteria | C1: Anio | D1: TipoPremio | E1: Sorteos
A2: Antioquia | B2: Loteria de Medellin | C2: 2020 | D2: Mayor | E2: 46
A3: Antioquia | B3: Loteria de Medellin | C3: 2020 | D3: Secos | E3: 1568
A4: Antioquia | B4: Loteria de Medellin | C4: 2021 | D4: Mayor | E4: 55
A5: Antioquia | B5: Loteria de Medellin | C5: 2021 | D5: Secos | E5: 1870
A6: Antioquia | B6: Loteria de Medellin | C6: 2022 | D6: Mayor | E6: 53
A7: Antioquia | B7: Loteria de Medellin | C7: 2022 | D7: Secos | E7: 1861
A8: Antioquia | B8: Loteria de Medellin | C8: 2023 | D8: Mayor | E8: 37
A9: Antioquia | B9: Loteria de Medellin | C9: 2023 | D9: Secos | E9: 1339
A10: Bogotá, D.C. | B10: Loteria de Bogota | C10: 2020 | D10: Mayor | E10: 47
A11: Bogotá, D.C. | B11: Loteria de la Cruz Roja | C11: 2020 | D11: Mayor | E11: 45
A12: Bogotá, D.C. | B12: Loteria de Bogota | C12: 2020 | D12: Secos | E12: 2141
A13: Bogotá, D.C. | B13: Loteria de la Cruz Roja | C13: 2020 | D13: Secos | E13: 2450
... A131: Valle del Cauca | B131: Loteria del Valle | C131: 2023 | D131: Secos | E131: 1242

Sheet Datos_Nacionales
A1: Loteria | B1: Anio | C1: TipoPremio | D1: Sorteos
A2: Sorteo Extra de Colombia | B2: 2020 | C2: Mayor | D2: 9
A3: Sorteo Extra de Colombia | B3: 2020 | C3: Secos | D3: 444
A4: Sorteo Extra de Colombia | B4: 2021 | C4: Mayor | D4: 12
A5: Sorteo Extra de Colombia | B5: 2021 | C5: Secos | D5: 506
A6: Sorteo Extra de Colombia | B6: 2022 | C6: Mayor | D6: 11
A7: Sorteo Extra de Colombia | B7: 2022 | C7: Secos | D7: 285
A8: Sorteo Extra de Colombia | B8: 2023 | C8: Mayor | D8: 8
A9: Sorteo Extra de Colombia | B9: 2023 | C9: Secos | D9: 200
A10: Sorteo Extraordinario - Asociado | B10: 2020 | C10: Mayor | D10: 1
A11: Sorteo Extraordinario - Asociado | B11: 2020 | C11: Otros | D11: 80
A12: Sorteo Extraordinario - Asociado | B12: 2020 | C12: Secos | D12: 29
A14: Estos sorteos ("Sorteo Extra de Colombia" y "Sorteo Extraordinario - Asociado") son rifas nacionales sin sede departamental, por eso no aparecen en el panel por departamento.
